{
	"credit": "Made with Blockbench",
	"parent": "scrollyugioh:custom/number_c103",
	"textures": {
		"1": "MyMod:Cards/Blaster_Blade"
	},
	"elements": [
		{
			"from": [3, 1, 8.5],
			"to": [13, 15, 9],
			"faces": {
				"north": {"uv": [0.82813, 0.28125, 6.04688, 7.92188], "texture": "#1"},
				"east": {"uv": [14.01563, 1.5, 14.625, 8.34375], "texture": "#1"},
				"south": {"uv": [7.04688, 7.23438, 12.25117, 14.8125], "texture": "#1"},
				"west": {"uv": [14.01563, 1.5, 14.625, 8.34375], "texture": "#1"},
				"up": {"uv": [14.01563, 1.5, 14.625, 8.34375], "texture": "#1"},
				"down": {"uv": [14.21714, 1.69786, 14.82652, 8.54161], "texture": "#1"}
			}
		}
	],
	"display": {
		"thirdperson_righthand": {
			"translation": [0, 1.75, 0.5],
			"scale": [0.27734, 0.26563, 0.31836]
		},
		"thirdperson_lefthand": {
			"translation": [0, 1.75, 0.5],
			"scale": [0.27734, 0.26563, 0.31836]
		},
		"firstperson_righthand": {
			"translation": [0, 1.75, 0.5],
			"scale": [0.27734, 0.26563, 0.31836]
		},
		"firstperson_lefthand": {
			"translation": [0, 1.75, 0.5],
			"scale": [0.27734, 0.26563, 0.31836]
		},
		"ground": {
			"translation": [0, -1.75, 0.5],
			"scale": [0.27734, 0.26563, 0.31836]
		},
		"head": {
			"translation": [0, 1.75, 0.5],
			"scale": [0.27734, 0.26563, 0.31836]
		},
		"fixed": {
			"rotation": [0, -172, 0],
			"translation": [-1, 0.75, 0],
			"scale": [0.69, 0.74, 1]
		}
	}
}